<?xml version="1.0"?>
<ModelDocumentManifest xmlns:xsi="http://www.w3.org/2001/XMLSchema-instance" xmlns:xsd="http://www.w3.org/2001/XMLSchema">
  <Documents>
    <Document FullPath="C:\Projects\Uruguay\SiderysBsn\Apps\LightSwitch\CompartiMossMagazine\CompartiMossMagazine.HTMLClient\Properties\ApplicationData\AutoresSet.lsml" Checksum="8EBD8A153EDECE4BFC9E73FF45BB30D2F90773370AD8D5D4E68780878731DEB9" />
    <Document FullPath="C:\Projects\Uruguay\SiderysBsn\Apps\LightSwitch\CompartiMossMagazine\CompartiMossMagazine.HTMLClient\Properties\Client.lsml" Checksum="4517F1AEF4CFBAAA51B2AC54E2696BAAC649C7F242899F835C158CA57EAC8009" />
    <Document FullPath="C:\Projects\Uruguay\SiderysBsn\Apps\LightSwitch\CompartiMossMagazine\CompartiMossMagazine.HTMLClient\Properties\Proxies.lsml" Checksum="325FC60116D12CB51DE8F9929E92C5A522A6DE71CB0077E2708721F68D9E6280" />
    <Document FullPath="C:\Projects\Uruguay\SiderysBsn\Apps\LightSwitch\CompartiMossMagazine\CompartiMossMagazine.HTMLClient\Screens\AutoresRevistas\AddEditAutoresRevista.lsml" Checksum="6B482E2C94007485DE2F4A83DEB0B2970AE366EA5C08E0E11D08953A6415079C" />
    <Document FullPath="C:\Projects\Uruguay\SiderysBsn\Apps\LightSwitch\CompartiMossMagazine\CompartiMossMagazine.HTMLClient\Screens\AutoresRevistas\BrowseAutoresRevistas.lsml" Checksum="8466E7CDB73B85B15B9ACEC1E6969ABD18248EB13AFA511940CA618E4E76B4EB" />
    <Document FullPath="C:\Projects\Uruguay\SiderysBsn\Apps\LightSwitch\CompartiMossMagazine\CompartiMossMagazine.HTMLClient\Screens\AutoresRevistas\ViewAutoresRevista.lsml" Checksum="6E70BF8E74BDE6D754E6293891DC20FDF8AB093A7375D3FC1AE7FC871D6276D5" />
    <Document FullPath="C:\Projects\Uruguay\SiderysBsn\Apps\LightSwitch\CompartiMossMagazine\CompartiMossMagazine.HTMLClient\Screens\Compartimos.lsml" Checksum="6A0567B3D27959AD13143AF6709B8821B256D69154F6FF5490EE2C9A4A8D4B07" />
    <Document FullPath="C:\Projects\Uruguay\SiderysBsn\Apps\LightSwitch\CompartiMossMagazine\CompartiMossMagazine.HTMLClient\Screens\AutoresNumerosSet\AddEditAutoresNumeros.lsml" Checksum="22DC9A5CB1A715944A8CB80829A0EEC724392E2FE43A17997EE4168F848A9124" />
    <Document FullPath="C:\Projects\Uruguay\SiderysBsn\Apps\LightSwitch\CompartiMossMagazine\CompartiMossMagazine.HTMLClient\Screens\AutoresNumerosSet\ViewAutoresNumeros.lsml" Checksum="C7C10D6F80D2368CDA9448CA34D069A60FA3DF9D1F756D6C264A4365FFD59F4A" />
    <Document FullPath="C:\Projects\Uruguay\SiderysBsn\Apps\LightSwitch\CompartiMossMagazine\CompartiMossMagazine.HTMLClient\Properties\ApplicationData\AutoresNumerosSet.lsml" Checksum="5CC35ABC05BF3F5A11A40C9391DDDFF34B581D7AF850BEA3AF4BB67C8F655BA0" />
    <Document FullPath="C:\Projects\Uruguay\SiderysBsn\Apps\LightSwitch\CompartiMossMagazine\CompartiMossMagazine.HTMLClient\Screens\AutoresNumerosSet\BrowseAutoresNumerosSet.lsml" Checksum="B8BB5F25585ADB9712EC3EFDA2F42BBC88F28824C3F6B4C9ADCD0FFA431FF30F" />
    <Document FullPath="C:\Projects\Uruguay\SiderysBsn\Apps\LightSwitch\CompartiMossMagazine\CompartiMossMagazine.HTMLClient\Screens\NumerosRevistas\AddEditNumerosRevista.lsml" Checksum="4905E12BBFD6EF62582B240809E127B95277748C644FB1E905992BDECA5D1C85" />
    <Document FullPath="C:\Projects\Uruguay\SiderysBsn\Apps\LightSwitch\CompartiMossMagazine\CompartiMossMagazine.HTMLClient\Screens\NumerosRevistas\ViewNumerosRevista.lsml" Checksum="B88989DEB9AABC59EB4D0FAE6EE3E48CB881DB3866A45DE9141E62F8E6F536D3" />
    <Document FullPath="C:\Projects\Uruguay\SiderysBsn\Apps\LightSwitch\CompartiMossMagazine\CompartiMossMagazine.HTMLClient\Properties\ApplicationData\NumerosSet.lsml" Checksum="46A469FFA7F02A0637C26FB9AFEA19DC2828F36B6603085187C6B70D643ECF7F" />
    <Document FullPath="C:\Projects\Uruguay\SiderysBsn\Apps\LightSwitch\CompartiMossMagazine\CompartiMossMagazine.HTMLClient\Screens\NumerosRevistas\BrowseNumerosRevistas.lsml" Checksum="5CD68675C6C95F4FD7F4ED3FFD612040270E78B788FA55BB6F51191458F32568" />
  </Documents>
</ModelDocumentManifest>