﻿<?xml version="1.0" encoding="UTF-8"?>
<!--Created:cb85b80c-f585-40ff-8bfc-12ff4d0e34a9-->
<OfficeApp xmlns="http://schemas.microsoft.com/office/appforoffice/1.0" xmlns:xsi="http://www.w3.org/2001/XMLSchema-instance" xsi:type="TaskPaneApp">
  <Id>189821f0-280d-4b7f-9afc-c95e9bf60cec</Id>
  <Version>1.0.0.0</Version>
  <ProviderName>Administrador</ProviderName>
  <DefaultLocale>en-US</DefaultLocale>
  <DisplayName DefaultValue="Obtener Datos Northwind" />
  <Description DefaultValue="Esta aplicación obtine datos desde una base de dato Norhwind"/>
  <Capabilities>
    <Capability Name="Workbook" />
  </Capabilities>
  <DefaultSettings>
    <SourceLocation DefaultValue="~remoteAppUrl/App/Home/Home.html" />
  </DefaultSettings>
  <Permissions>ReadWriteDocument</Permissions>
</OfficeApp>
