﻿<?xml version="1.0" encoding="UTF-8"?>
<!--Created:cb85b80c-f585-40ff-8bfc-12ff4d0e34a9-->
<OfficeApp xmlns="http://schemas.microsoft.com/office/appforoffice/1.0" xmlns:xsi="http://www.w3.org/2001/XMLSchema-instance" xsi:type="TaskPaneApp">
  <Id>437887dc-8380-4767-a005-5b149ca5319e</Id>
  <Version>1.0.0.0</Version>
  <ProviderName>[Provider name]</ProviderName>
  <DefaultLocale>en-US</DefaultLocale>
  <DisplayName DefaultValue="AppCargarDatosSharePoint" />
  <Description DefaultValue="AppCargarDatosSharePoint"/>
  <Capabilities>
    <Capability Name="Workbook" />
    <Capability Name="Presentation" />
    <Capability Name="Project" />
    <Capability Name="Document" />
  </Capabilities>
  <DefaultSettings>
    <SourceLocation DefaultValue="~remoteAppUrl/App/Home/Home.html" />
  </DefaultSettings>
  <Permissions>ReadWriteDocument</Permissions>
</OfficeApp>
