﻿<?xml version="1.0" encoding="utf-8"?>
<!--Created:0f94c101-eca2-421b-9ee1-671ad586290e-->
<App xmlns="http://schemas.microsoft.com/sharepoint/2012/app/manifest" Name="CompartiMossMagazine" ProductID="{ee0ba324-c408-4201-b4c5-8d4faa1d60a7}" Version="1.0.0.0" SharePointMinVersion="16.0.0.0">
  <Properties>
    <Title>CompartiMossMagazine</Title>
    <StartPage>https://localhost:44300/SharePointLaunch.aspx?{StandardTokens}</StartPage>
  </Properties>
  <AppPrincipal>
    <AutoDeployedWebApplication>
      <DebugInfo ClientSecret="N9w0YXNmMSY/OneXISvbGa57mAaZT1If/9s8QjD1YzY=" AppUrl="https://localhost:44300/" />
    </AutoDeployedWebApplication>
  </AppPrincipal>
  <AppPermissionRequests AllowAppOnlyPolicy="true">
    <AppPermissionRequest Scope="http://sharepoint/content/sitecollection/web" Right="Manage"></AppPermissionRequest>
    <AppPermissionRequest Scope="http://sharepoint/content/tenant" Right="Write"></AppPermissionRequest>
    <AppPermissionRequest Scope="http://sharepoint/social/tenant" Right="Read"></AppPermissionRequest>
  </AppPermissionRequests>
</App>